ts,protocol,selected_protocol,source,device,message,word_count,closest_label,distance_m,direction,action_category,t_frame_received,t_detection_done,t_decision_started,t_message_generated,t_tts_requested,t_audio_started,t_audio_completed,detection_latency_ms,decision_latency_ms,speech_latency_ms,response_latency_ms,cascaded_latency_ms,improvement_pct,is_duplicate,overlap_skipped
1777842850.556,adaptive,adaptive,guide,iphone,Stop. Obstacle ahead.,3,obstacle,0.5,ahead,stop,1777842850.521,,1777842850.532,1777842850.532,1777842850.532,1777842850.556,1777842852.323,,0.03,23.74,35.42,2235.42,98.42,False,False
1777842858.298,adaptive,adaptive,guide,iphone,"Obstacle on your right, move left.",6,obstacle,1.5,right,directional,1777842858.285,1777842858.289,1777842858.293,1777842858.293,1777842858.293,1777842858.298,1777842860.798,4.01,0.06,5.36,12.78,2212.78,99.42,False,False
1777842861.486,adaptive,adaptive,guide,iphone,"Obstacle on your left, move right.",6,obstacle,1.5,left,directional,1777842861.449,1777842861.42,1777842861.456,1777842861.456,1777842861.456,1777842861.486,1777842863.486,-29.01,0.03,29.7,36.48,2236.48,98.37,False,False
1777842864.991,adaptive,adaptive,guide,iphone,Stop. Obstacle ahead.,3,obstacle,0.5,ahead,stop,1777842864.957,1777842864.759,1777842864.965,1777842864.965,1777842864.965,1777842864.991,1777842866.417,-197.34,0.04,26.76,34.75,2234.75,98.45,False,False
1777842877.012,adaptive,adaptive,guide,iphone,Stop. Obstacle ahead.,3,obstacle,0.5,ahead,stop,1777842876.993,1777842876.998,1777842877.002,1777842877.002,1777842877.002,1777842877.012,1777842878.476,4.82,0.04,10.05,19.05,2219.05,99.14,False,False
1777842889.043,adaptive,adaptive,guide,iphone,Stop. Obstacle ahead.,3,obstacle,0.5,ahead,stop,1777842889.017,1777842888.814,1777842889.026,1777842889.026,1777842889.026,1777842889.043,1777842890.61,-202.83,0.04,17.22,26.54,2226.54,98.81,False,False
1777842901.065,adaptive,adaptive,guide,iphone,Stop. Obstacle ahead.,3,obstacle,0.5,ahead,stop,1777842901.044,1777842900.994,1777842901.052,1777842901.052,1777842901.052,1777842901.065,1777842902.571,-49.86,0.06,13.75,21.79,2221.79,99.02,False,False
1777842909.605,adaptive,adaptive,det,iphone,"Obstacle ahead, move right.",4,Mobile phone,1.087,ahead,directional,1777842909.579,1777842909.552,1777842909.586,1777842909.586,1777842909.586,1777842909.605,1777842910.687,-26.83,0.04,19.12,26.33,2226.33,98.82,False,False
1777842913.092,adaptive,adaptive,guide,iphone,Stop. Obstacle ahead.,3,obstacle,0.5,ahead,stop,1777842913.052,1777842913.016,1777842913.061,1777842913.061,1777842913.061,1777842913.092,1777842914.551,-36.76,0.03,30.27,39.13,2239.13,98.25,False,False
1777842914.552,adaptive,adaptive,det,iphone,"Obstacle ahead, move right.",4,Mobile phone,1.087,ahead,directional,1777842913.989,1777842913.926,1777842913.994,1777842913.994,1777842913.994,1777842914.552,1777842916.779,-62.57,0.04,557.75,563.33,2763.33,79.61,False,False
1777842918.034,adaptive,adaptive,det,iphone,"Obstacle ahead, move right.",4,Mobile phone,1.087,ahead,directional,1777842917.996,1777842917.968,1777842918.003,1777842918.003,1777842918.003,1777842918.034,1777842920.265,-27.13,0.04,30.85,38.76,2238.76,98.27,False,False
1777842922.025,adaptive,adaptive,det,iphone,"Obstacle ahead, move right.",4,Mobile phone,1.087,ahead,directional,1777842922.018,1777842921.845,1777842922.024,1777842922.024,1777842922.024,1777842922.025,1777842924.254,-173.62,0.03,1.09,6.6,2206.6,99.7,False,False
1777842925.127,adaptive,adaptive,guide,iphone,Stop. Obstacle ahead.,3,obstacle,0.5,ahead,stop,1777842925.085,1777842925.015,1777842925.093,1777842925.093,1777842925.093,1777842925.127,1777842926.588,-69.88,0.04,34.22,42.22,2242.22,98.12,False,False
1777842937.131,adaptive,adaptive,guide,iphone,Stop. Obstacle ahead.,3,obstacle,0.5,ahead,stop,1777842937.089,1777842937.065,1777842937.097,1777842937.097,1777842937.097,1777842937.131,1777842938.573,-24.11,0.05,33.45,41.71,2241.71,98.14,False,False
1777842941.934,adaptive,adaptive,guide,iphone,Stop. Obstacle ahead.,3,obstacle,0.5,ahead,stop,1777842941.883,1777842941.837,1777842941.928,1777842941.928,1777842941.928,1777842941.934,1777842943.367,-45.84,0.06,5.88,50.94,2250.94,97.74,False,False
1777842943.431,adaptive,adaptive,auto,iphone,Stop. Obstacle ahead.,3,obstacle,0.5,ahead,stop,1777842943.422,1777842943.381,1777842943.431,1777842943.431,1777842943.431,,,-40.61,0.03,,,,,True,False
1777842945.001,adaptive,adaptive,guide,iphone,Stop. Obstacle ahead.,3,obstacle,0.5,ahead,stop,1777842944.961,1777842944.918,1777842944.97,1777842944.97,1777842944.97,1777842945.001,1777842946.396,-43.6,0.03,31.5,39.76,2239.76,98.22,False,False
1777842946.498,adaptive,adaptive,auto,iphone,Stop. Obstacle ahead.,3,obstacle,0.5,ahead,stop,1777842946.49,1777842946.421,1777842946.498,1777842946.498,1777842946.498,,,-68.39,0.02,,,,,True,False
1777842958.511,adaptive,adaptive,guide,iphone,Stop. Obstacle ahead.,3,obstacle,0.5,ahead,stop,1777842958.493,1777842958.482,1777842958.502,1777842958.502,1777842958.502,1777842958.511,1777842959.966,-11.67,0.03,9.15,17.75,2217.75,99.2,False,False
1777842960.032,adaptive,adaptive,auto,iphone,Stop. Obstacle ahead.,3,obstacle,0.5,ahead,stop,1777842960.025,1777842959.816,1777842960.032,1777842960.032,1777842960.032,,,-209.62,0.03,,,,,True,False
1777842961.582,adaptive,adaptive,guide,iphone,Stop. Obstacle ahead.,3,obstacle,0.5,ahead,stop,1777842961.55,1777842961.542,1777842961.561,1777842961.561,1777842961.561,1777842961.582,1777842963.092,-8.71,0.05,20.31,31.49,2231.49,98.59,False,False
1777842963.156,adaptive,adaptive,auto,iphone,Stop. Obstacle ahead.,3,obstacle,0.5,ahead,stop,1777842963.088,1777842963.154,1777842963.156,1777842963.156,1777842963.156,,,66.25,0.03,,,,,True,False
1777842963.205,adaptive,adaptive,auto,iphone,"Obstacle ahead, move right.",4,Chair,0.951,ahead,directional,1777842963.194,1777842963.154,1777842963.205,1777842963.205,1777842963.205,,,-39.87,0.03,,,,,True,False
1777842963.093,adaptive,adaptive,det,iphone,"Obstacle ahead, move right.",4,Chair,0.965,ahead,directional,1777842961.69,1777842961.542,1777842961.694,1777842961.694,1777842961.694,1777842963.093,1777842964.612,-148.21,0.04,1399.76,1403.6,3603.6,61.05,False,False
1777842964.743,adaptive,adaptive,det,iphone,"Obstacle ahead, move right.",4,Chair,0.924,ahead,directional,1777842964.723,1777842964.597,1777842964.731,1777842964.731,1777842964.731,1777842964.743,1777842965.993,-125.94,0.02,11.75,19.86,2219.86,99.11,False,False
1777842966.267,adaptive,adaptive,auto,iphone,"Obstacle ahead, move right.",4,Chair,0.924,ahead,directional,1777842966.258,1777842966.085,1777842966.267,1777842966.267,1777842966.267,,,-172.42,0.03,,,,,True,False
1777842975.169,adaptive,adaptive,guide,iphone,Stop. Obstacle ahead.,3,obstacle,0.5,ahead,stop,1777842975.155,1777842974.95,1777842975.164,1777842975.164,1777842975.164,1777842975.169,1777842975.576,-205.49,0.03,4.92,13.57,2213.57,99.39,False,False
1777842976.665,adaptive,adaptive,auto,iphone,Stop. Obstacle ahead.,3,obstacle,0.5,ahead,stop,1777842976.656,1777842976.656,1777842976.665,1777842976.665,1777842976.665,,,-0.71,0.05,,,,,True,False
1777842978.219,adaptive,adaptive,guide,iphone,Stop. Obstacle ahead.,3,obstacle,0.5,ahead,stop,1777842978.186,1777842977.993,1777842978.194,1777842978.194,1777842978.194,1777842978.219,1777842979.643,-192.92,0.02,25.28,32.9,2232.9,98.53,False,False
1777842979.695,adaptive,adaptive,auto,iphone,Stop. Obstacle ahead.,3,obstacle,0.5,ahead,stop,1777842979.685,1777842979.682,1777842979.695,1777842979.695,1777842979.695,,,-3.2,0.04,,,,,True,False
1777842991.719,adaptive,adaptive,guide,iphone,Stop. Obstacle ahead.,3,obstacle,0.5,ahead,stop,1777842991.691,1777842991.579,1777842991.697,1777842991.698,1777842991.698,1777842991.719,1777842993.148,-112.29,0.29,20.95,27.29,2227.29,98.77,False,False
1777842993.213,adaptive,adaptive,auto,iphone,Stop. Obstacle ahead.,3,obstacle,0.5,ahead,stop,1777842993.204,1777842993.042,1777842993.213,1777842993.213,1777842993.213,,,-161.9,0.03,,,,,True,False
1777842994.771,adaptive,adaptive,guide,iphone,Stop. Obstacle ahead.,3,obstacle,0.5,ahead,stop,1777842994.735,1777842994.705,1777842994.741,1777842994.741,1777842994.741,1777842994.771,1777842996.203,-29.71,0.05,29.89,36.19,2236.19,98.38,False,False
1777842996.284,adaptive,adaptive,auto,iphone,Stop. Obstacle ahead.,3,obstacle,0.5,ahead,stop,1777842996.275,1777842996.029,1777842996.284,1777842996.284,1777842996.284,,,-245.77,0.04,,,,,True,False
1777843008.314,adaptive,adaptive,guide,iphone,Stop. Obstacle ahead.,3,obstacle,0.5,ahead,stop,1777843008.299,1777843008.246,1777843008.306,1777843008.307,1777843008.307,1777843008.314,1777843009.812,-53.31,0.04,7.62,14.81,2214.81,99.33,False,False
1777843009.834,adaptive,adaptive,auto,iphone,Stop. Obstacle ahead.,3,obstacle,0.5,ahead,stop,1777843009.825,1777843009.633,1777843009.834,1777843009.834,1777843009.834,,,-192.2,0.02,,,,,True,False
1777843011.382,adaptive,adaptive,guide,iphone,Stop. Obstacle ahead.,3,obstacle,0.5,ahead,stop,1777843011.356,1777843011.248,1777843011.361,1777843011.361,1777843011.361,1777843011.382,1777843012.849,-108.22,0.02,20.6,26.01,2226.01,98.83,False,False
1777843012.865,adaptive,adaptive,auto,iphone,Stop. Obstacle ahead.,3,obstacle,0.5,ahead,stop,1777843012.859,1777843012.766,1777843012.865,1777843012.865,1777843012.865,,,-93.03,0.03,,,,,True,False
1777843024.888,adaptive,adaptive,guide,iphone,Stop. Obstacle ahead.,3,obstacle,0.5,ahead,stop,1777843024.859,1777843024.804,1777843024.867,1777843024.867,1777843024.867,1777843024.888,1777843026.365,-54.77,0.03,20.73,28.98,2228.98,98.7,False,False
1777843026.406,adaptive,adaptive,auto,iphone,Stop. Obstacle ahead.,3,obstacle,0.5,ahead,stop,1777843026.397,1777843026.295,1777843026.406,1777843026.406,1777843026.406,,,-102.23,0.02,,,,,True,False
1777843027.93,adaptive,adaptive,guide,iphone,Stop. Obstacle ahead.,3,obstacle,0.5,ahead,stop,1777843027.905,1777843027.622,1777843027.911,1777843027.911,1777843027.911,1777843027.93,1777843029.41,-282.37,0.02,18.93,25.14,2225.14,98.87,False,False
1777843029.433,adaptive,adaptive,auto,iphone,Stop. Obstacle ahead.,3,obstacle,0.5,ahead,stop,1777843029.428,1777843029.307,1777843029.433,1777843029.433,1777843029.433,,,-121.18,0.02,,,,,True,False
1777843041.497,adaptive,adaptive,guide,iphone,Stop. Obstacle ahead.,3,obstacle,0.5,ahead,stop,1777843041.457,1777843041.184,1777843041.464,1777843041.464,1777843041.464,1777843041.497,1777843042.024,-273.75,0.03,32.25,39.4,2239.4,98.24,False,False
1777843043.01,adaptive,adaptive,auto,iphone,Stop. Obstacle ahead.,3,obstacle,0.5,ahead,stop,1777843043.002,1777843042.958,1777843043.01,1777843043.01,1777843043.01,,,-43.62,0.02,,,,,True,False
1777843044.532,adaptive,adaptive,guide,iphone,Stop. Obstacle ahead.,3,obstacle,0.5,ahead,stop,1777843044.521,1777843044.253,1777843044.529,1777843044.529,1777843044.529,1777843044.532,1777843046.047,-268.24,0.03,3.3,10.62,2210.62,99.52,False,False
1777843046.06,adaptive,adaptive,auto,iphone,Stop. Obstacle ahead.,3,obstacle,0.5,ahead,stop,1777843046.053,1777843045.988,1777843046.06,1777843046.06,1777843046.06,,,-64.95,0.04,,,,,True,False
1777843054.952,adaptive,adaptive,det,iphone,"Person left, 2.0 meters.",4,Person,2.007,left,info,1777843054.925,1777843054.916,1777843054.932,1777843054.933,1777843054.933,1777843054.952,1777843056.321,-8.86,0.05,19.11,26.81,2226.81,98.8,False,False
1777843058.089,adaptive,adaptive,guide,iphone,Stop. Obstacle ahead.,3,obstacle,0.5,ahead,stop,1777843058.069,1777843058.038,1777843058.074,1777843058.074,1777843058.074,1777843058.089,1777843059.508,-31.37,0.02,14.93,20.13,2220.13,99.09,False,False
1777843059.595,adaptive,adaptive,auto,iphone,Stop. Obstacle ahead.,3,obstacle,0.5,ahead,stop,1777843059.587,1777843059.413,1777843059.595,1777843059.595,1777843059.595,,,-173.54,0.02,,,,,True,False
1777843061.125,adaptive,adaptive,guide,iphone,Stop. Obstacle ahead.,3,obstacle,0.5,ahead,stop,1777843061.094,1777843061.091,1777843061.099,1777843061.099,1777843061.099,1777843061.125,1777843062.56,-2.83,0.03,25.61,30.63,2230.63,98.63,False,False
1777843062.601,adaptive,adaptive,auto,iphone,Stop. Obstacle ahead.,3,obstacle,0.5,ahead,stop,1777843062.596,1777843062.476,1777843062.601,1777843062.601,1777843062.601,,,-119.24,0.03,,,,,True,False
1777843065.427,adaptive,adaptive,det,iphone,"Wheel left, 3.1 meters.",4,Wheel,3.065,left,info,1777843065.393,1777843065.348,1777843065.404,1777843065.404,1777843065.404,1777843065.427,1777843068.219,-45.35,0.04,23.6,34.26,2234.26,98.47,False,False
1777843068.22,adaptive,adaptive,det,iphone,"Bicycle wheel left, 2.3 meters.",5,Bicycle wheel,2.292,left,info,1777843067.2,1777843067.194,1777843067.208,1777843067.208,1777843067.208,1777843068.22,1777843069.959,-6.19,0.06,1011.89,1020.09,3220.09,68.32,False,False
1777843074.614,adaptive,adaptive,guide,iphone,Stop. Obstacle ahead.,3,obstacle,0.5,ahead,stop,1777843074.596,1777843074.586,1777843074.604,1777843074.604,1777843074.604,1777843074.614,1777843075.607,-9.56,0.07,9.38,18.11,2218.11,99.18,False,False
1777843076.118,adaptive,adaptive,auto,iphone,Stop. Obstacle ahead.,3,obstacle,0.5,ahead,stop,1777843076.108,1777843075.832,1777843076.118,1777843076.118,1777843076.119,,,-275.37,0.02,,,,,True,False
1777843077.66,adaptive,adaptive,guide,iphone,Stop. Obstacle ahead.,3,obstacle,0.5,ahead,stop,1777843077.63,1777843077.595,1777843077.638,1777843077.638,1777843077.638,1777843077.66,1777843078.372,-35.68,0.02,22.14,29.73,2229.73,98.67,False,False
1777843079.168,adaptive,adaptive,auto,iphone,Stop. Obstacle ahead.,3,obstacle,0.5,ahead,stop,1777843079.159,1777843078.971,1777843079.168,1777843079.168,1777843079.168,,,-188.02,0.04,,,,,True,False
1777843091.206,adaptive,adaptive,guide,iphone,Stop. Obstacle ahead.,3,obstacle,0.5,ahead,stop,1777843091.17,1777843091.018,1777843091.18,1777843091.18,1777843091.18,1777843091.206,1777843092.193,-152.22,0.05,26.12,36.06,2236.06,98.39,False,False
1777843092.716,adaptive,adaptive,auto,iphone,Stop. Obstacle ahead.,3,obstacle,0.5,ahead,stop,1777843092.707,1777843092.675,1777843092.716,1777843092.716,1777843092.716,,,-31.58,0.02,,,,,True,False
1777843094.238,adaptive,adaptive,guide,iphone,Stop. Obstacle ahead.,3,obstacle,0.5,ahead,stop,1777843094.228,1777843094.093,1777843094.233,1777843094.233,1777843094.233,1777843094.238,1777843095.654,-135.38,0.02,5.13,9.91,2209.91,99.55,False,False
1777843095.852,adaptive,adaptive,auto,iphone,Stop. Obstacle ahead.,3,obstacle,0.5,ahead,stop,1777843095.782,1777843095.634,1777843095.852,1777843095.852,1777843095.852,,,-147.82,0.03,,,,,True,False
1777843095.788,adaptive,adaptive,det,iphone,"Obstacle ahead, move right.",4,Person,0.89,ahead,directional,1777843095.782,1777843095.634,1777843095.785,1777843095.785,1777843095.785,1777843095.788,1777843097.312,-147.82,0.05,2.87,6.03,2206.03,99.73,False,False
1777843105.873,adaptive,adaptive,det,iphone,"Wheel left, 4.5 meters.",4,Wheel,4.483,left,info,1777843105.856,1777843105.78,1777843105.863,1777843105.863,1777843105.863,1777843105.873,1777843107.906,-75.88,0.03,9.89,17.17,2217.17,99.23,False,False
1777843107.907,adaptive,adaptive,guide,iphone,Stop. Obstacle ahead.,3,obstacle,0.5,ahead,stop,1777843107.861,1777843107.732,1777843107.87,1777843107.87,1777843107.87,1777843107.907,1777843109.363,-129.29,0.02,36.62,46.02,2246.02,97.95,False,False
1777843109.409,adaptive,adaptive,auto,iphone,Stop. Obstacle ahead.,3,obstacle,0.5,ahead,stop,1777843109.399,1777843109.392,1777843109.409,1777843109.409,1777843109.409,,,-7.55,0.03,,,,,True,False
1777843112.48,adaptive,adaptive,auto,iphone,Stop. Obstacle ahead.,3,obstacle,0.5,ahead,stop,1777843112.471,1777843112.456,1777843112.48,1777843112.48,1777843112.48,,,-14.88,0.04,,,,,True,False
1777843110.945,adaptive,adaptive,guide,iphone,Stop. Obstacle ahead.,3,obstacle,0.5,ahead,stop,1777843110.93,1777843110.807,1777843110.938,1777843110.938,1777843110.938,1777843110.945,1777843112.497,-122.47,0.03,6.52,14.62,2214.62,99.34,False,False
1777843123.118,adaptive,adaptive,det,iphone,"Chair left, 2.2 meters.",4,Chair,2.221,left,info,1777843123.098,1777843123.084,1777843123.108,1777843123.108,1777843123.108,1777843123.118,1777843124.54,-14.01,0.06,9.73,19.36,2219.36,99.13,False,False
1777843124.541,adaptive,adaptive,guide,iphone,Stop. Obstacle ahead.,3,obstacle,0.5,ahead,stop,1777843124.501,1777843124.497,1777843124.509,1777843124.509,1777843124.509,1777843124.541,1777843124.893,-3.99,0.01,31.83,39.85,2239.85,98.22,False,False
1777843126.028,adaptive,adaptive,auto,iphone,Stop. Obstacle ahead.,3,obstacle,0.5,ahead,stop,1777843126.021,1777843125.91,1777843126.028,1777843126.028,1777843126.028,,,-111.4,0.03,,,,,True,False
1777843127.532,adaptive,adaptive,guide,iphone,Stop. Obstacle ahead.,3,obstacle,0.5,ahead,stop,1777843127.527,1777843127.409,1777843127.528,1777843127.528,1777843127.528,1777843127.532,1777843128.942,-118.05,0.02,4.08,5.83,2205.83,99.74,False,False
1777843129.029,adaptive,adaptive,auto,iphone,Stop. Obstacle ahead.,3,obstacle,0.5,ahead,stop,1777843129.024,1777843128.774,1777843129.029,1777843129.029,1777843129.029,,,-249.72,0.03,,,,,True,False
1777843134.622,adaptive,adaptive,det,iphone,"Obstacle ahead, move right.",4,Chair,1.571,ahead,directional,1777843134.291,1777843134.288,1777843134.299,1777843134.299,1777843134.299,1777843134.622,1777843136.88,-2.99,0.05,323.48,331.43,2531.43,86.91,False,False
1777843141.065,adaptive,adaptive,guide,iphone,Stop. Obstacle ahead.,3,obstacle,0.5,ahead,stop,1777843141.031,1777843141.036,1777843141.037,1777843141.037,1777843141.037,1777843141.065,1777843142.553,4.76,0.03,27.51,33.4,2233.4,98.5,False,False
1777843142.645,adaptive,adaptive,auto,iphone,Stop. Obstacle ahead.,3,obstacle,0.5,ahead,stop,1777843142.643,1777843142.529,1777843142.645,1777843142.645,1777843142.645,,,-113.05,0.04,,,,,True,False
1777843142.554,adaptive,adaptive,det,iphone,"Obstacle ahead, move right.",4,Bicycle,1.848,ahead,directional,1777843142.423,1777843142.38,1777843142.43,1777843142.431,1777843142.431,1777843142.554,1777843143.265,-43.39,0.05,123.46,130.82,2330.82,94.39,False,False
1777843144.172,adaptive,adaptive,guide,iphone,Stop. Obstacle ahead.,3,obstacle,0.5,ahead,stop,1777843144.161,1777843144.159,1777843144.171,1777843144.171,1777843144.171,1777843144.172,1777843145.663,-2.28,0.03,1.58,11.05,2211.05,99.5,False,False
1777843145.744,adaptive,adaptive,auto,iphone,Stop. Obstacle ahead.,3,obstacle,0.5,ahead,stop,1777843145.661,1777843145.661,1777843145.744,1777843145.744,1777843145.744,,,-0.28,0.03,,,,,True,False
1777843145.664,adaptive,adaptive,det,iphone,"Obstacle ahead, move right.",4,Bicycle,1.0,ahead,directional,1777843144.564,1777843144.548,1777843144.573,1777843144.573,1777843144.573,1777843145.664,1777843147.253,-15.58,0.03,1091.07,1100.71,3300.71,66.65,False,False
1777843147.256,adaptive,adaptive,det,iphone,"Person left, 4.6 meters.",4,Person,4.564,left,info,1777843145.303,1777843145.304,1777843145.31,1777843145.31,1777843145.31,1777843147.256,1777843149.178,1.21,0.03,1946.09,1953.42,4153.42,52.97,False,False
1777892125.45,adaptive,adaptive,guide,iphone,Stop. Obstacle ahead.,3,obstacle,0.5,ahead,stop,1777892125.424,,1777892125.437,1777892125.438,1777892125.438,1777892125.45,1777892127.228,,0.04,12.82,26.38,2226.38,98.82,False,False
1777892135.622,adaptive,adaptive,det,iphone,"Obstacle on your left, move right.",6,Woman,0.913,left,directional,1777892135.592,1777892135.582,1777892135.604,1777892135.604,1777892135.604,1777892135.622,1777892136.771,-10.38,0.03,17.55,29.06,2229.06,98.7,False,False
1777892137.475,adaptive,adaptive,guide,iphone,Stop. Obstacle ahead.,3,obstacle,0.5,ahead,stop,1777892137.441,1777892137.441,1777892137.45,1777892137.45,1777892137.45,1777892137.475,1777892138.893,0.33,0.02,25.19,34.39,2234.39,98.46,False,False
1777892139.755,adaptive,adaptive,guide,iphone,"Obstacle on your left, move right.",6,obstacle,1.5,left,directional,1777892139.74,1777892139.697,1777892139.751,1777892139.751,1777892139.751,1777892139.755,1777892142.33,-42.35,0.02,4.31,15.18,2215.18,99.31,False,False
1777892144.557,adaptive,adaptive,guide,iphone,"Obstacle on your left, move right.",6,obstacle,1.5,left,directional,1777892144.532,1777892144.538,1777892144.545,1777892144.545,1777892144.545,1777892144.557,1777892147.097,5.53,0.03,12.94,25.2,2225.2,98.87,False,False
1777892147.652,adaptive,adaptive,det,iphone,Stop. Obstacle ahead.,3,Chair,0.629,left,stop,1777892147.611,1777892147.574,1777892147.623,1777892147.623,1777892147.623,1777892147.652,1777892147.943,-36.88,0.02,28.76,40.4,2240.4,98.2,False,False
1777892149.247,adaptive,adaptive,auto,iphone,Stop. Obstacle ahead.,3,Chair,0.669,left,stop,1777892149.234,1777892149.121,1777892149.247,1777892149.247,1777892149.247,,,-113.0,0.02,,,,,True,False
1777892150.769,adaptive,adaptive,auto,iphone,"Obstacle on your left, move right.",6,Chair,0.947,left,directional,1777892150.76,1777892150.736,1777892150.769,1777892150.769,1777892150.769,,,-24.41,0.02,,,,,True,False
1777892150.907,adaptive,adaptive,guide,iphone,Stop. Obstacle ahead.,3,obstacle,0.5,ahead,stop,1777892150.847,1777892150.736,1777892150.854,1777892150.854,1777892150.854,1777892150.907,1777892152.322,-110.57,0.02,52.41,60.14,2260.14,97.34,False,False
1777892157.623,adaptive,adaptive,guide,iphone,"Obstacle on your left, move right.",6,obstacle,1.5,left,directional,1777892157.601,1777892157.304,1777892157.601,1777892157.602,1777892157.602,1777892157.623,1777892160.282,-296.42,0.03,21.4,22.28,2222.28,99.0,False,False
1777892160.283,adaptive,adaptive,guide,iphone,"Obstacle on your right, move left.",6,obstacle,1.5,right,directional,1777892160.201,1777892160.195,1777892160.218,1777892160.218,1777892160.218,1777892160.283,1777892160.622,-5.26,0.04,65.44,82.58,2282.58,96.38,False,False
1777892162.837,adaptive,adaptive,guide,iphone,"Obstacle on your left, move right.",6,obstacle,1.5,left,directional,1777892162.821,1777892162.801,1777892162.83,1777892162.83,1777892162.83,1777892162.837,1777892165.499,-20.09,0.03,6.9,15.99,2215.99,99.28,False,False
1777892165.499,adaptive,adaptive,guide,iphone,Stop. Obstacle ahead.,3,obstacle,0.5,ahead,stop,1777892162.833,1777892162.801,1777892162.991,1777892162.991,1777892162.991,1777892165.499,1777892166.283,-32.69,0.05,2508.04,2665.91,4865.91,45.21,False,False
1777892169.674,adaptive,adaptive,auto,iphone,"Obstacle ahead, move right.",4,Person,1.08,ahead,directional,1777892169.667,1777892169.644,1777892169.674,1777892169.674,1777892169.674,,,-22.9,0.02,,,,,True,False
1777892173.36,adaptive,adaptive,det,iphone,Stop. Obstacle ahead.,3,Clothing,0.537,ahead,stop,1777892173.23,1777892173.088,1777892173.234,1777892173.234,1777892173.234,1777892173.36,1777892174.792,-142.32,0.03,126.25,129.8,2329.8,94.43,False,False
1777892175.018,adaptive,adaptive,auto,iphone,Stop. Obstacle ahead.,3,obstacle,0.5,ahead,stop,1777892175.007,1777892174.784,1777892175.018,1777892175.018,1777892175.018,,,-222.83,0.02,,,,,True,False
1777892177.689,adaptive,adaptive,det,iphone,"Person left, 2.8 meters.",4,Person,2.814,left,info,1777892177.678,1777892177.658,1777892177.686,1777892177.686,1777892177.686,1777892177.689,1777892180.494,-20.38,0.02,3.54,10.97,2210.97,99.5,False,False
1777892184.52,adaptive,adaptive,det,iphone,"Person left, 2.3 meters.",4,Person,2.297,left,info,1777892184.503,1777892184.489,1777892184.512,1777892184.512,1777892184.512,1777892184.52,1777892187.03,-14.39,0.05,8.33,17.07,2217.07,99.23,False,False
1777892187.031,adaptive,adaptive,guide,iphone,Stop. Obstacle ahead.,3,obstacle,0.5,ahead,stop,1777892187.014,1777892187.002,1777892187.019,1777892187.019,1777892187.019,1777892187.031,1777892188.481,-11.89,0.02,11.92,17.29,2217.29,99.22,False,False
1777892193.711,adaptive,adaptive,det,iphone,"Woman left, 2.0 meters.",4,Woman,2.007,left,info,1777892193.672,1777892193.553,1777892193.679,1777892193.679,1777892193.679,1777892193.711,1777892196.578,-119.77,0.04,32.35,39.13,2239.13,98.25,False,False
1777892199.052,adaptive,adaptive,guide,iphone,Stop. Obstacle ahead.,3,obstacle,0.5,ahead,stop,1777892199.038,1777892199.024,1777892199.046,1777892199.046,1777892199.046,1777892199.052,1777892200.534,-13.48,0.04,6.16,14.31,2214.31,99.35,False,False
1777892200.536,adaptive,adaptive,det,iphone,"Person left, 2.6 meters.",4,Person,2.617,left,info,1777892200.39,1777892200.353,1777892200.394,1777892200.394,1777892200.394,1777892200.536,1777892203.482,-37.52,0.03,141.38,145.09,2345.09,93.81,False,False
1777892203.483,adaptive,adaptive,det,iphone,"Houseplant ahead, 2.6 meters.",4,Houseplant,2.617,ahead,info,1777892203.037,1777892202.981,1777892203.043,1777892203.043,1777892203.043,1777892203.483,1777892204.396,-56.0,0.05,440.19,446.37,2646.37,83.13,False,False
1777892207.488,adaptive,adaptive,det,iphone,"Obstacle ahead, move right.",4,Person,1.122,ahead,directional,1777892207.469,1777892207.264,1777892207.476,1777892207.476,1777892207.476,1777892207.488,1777892209.748,-204.95,0.03,12.78,19.57,2219.57,99.12,False,False
1777892210.674,adaptive,adaptive,det,iphone,"Houseplant ahead, 2.0 meters.",4,Houseplant,2.032,ahead,info,1777892210.639,1777892210.64,1777892210.652,1777892210.652,1777892210.652,1777892210.674,1777892211.121,0.64,0.03,22.26,35.31,2235.31,98.42,False,False
1777892211.123,adaptive,adaptive,guide,iphone,Stop. Obstacle ahead.,3,obstacle,0.5,ahead,stop,1777892211.05,1777892210.935,1777892211.068,1777892211.069,1777892211.069,1777892211.123,1777892211.486,-114.92,0.07,54.97,73.7,2273.7,96.76,False,False
1777892212.343,adaptive,adaptive,auto,iphone,Stop. Obstacle ahead.,3,obstacle,0.5,ahead,stop,1777892212.336,1777892212.164,1777892212.343,1777892212.343,1777892212.343,,,-171.72,0.04,,,,,True,False
1777892213.927,adaptive,adaptive,guide,iphone,Stop. Obstacle ahead.,3,obstacle,0.5,ahead,stop,1777892213.872,1777892213.783,1777892213.879,1777892213.879,1777892213.879,1777892213.927,1777892215.385,-89.49,0.02,48.18,54.74,2254.74,97.57,False,False
1777892215.414,adaptive,adaptive,auto,iphone,Stop. Obstacle ahead.,3,obstacle,0.5,ahead,stop,1777892215.404,1777892215.306,1777892215.414,1777892215.414,1777892215.414,,,-97.48,0.03,,,,,True,False
1777892216.941,adaptive,adaptive,guide,iphone,Stop. Obstacle ahead.,3,obstacle,0.5,ahead,stop,1777892216.909,1777892216.888,1777892216.918,1777892216.918,1777892216.918,1777892216.941,1777892218.355,-20.16,0.05,23.2,32.56,2232.56,98.54,False,False
1777892218.356,adaptive,adaptive,det,iphone,"Chair left, 2.0 meters.",4,Chair,2.014,left,info,1777892217.772,1777892217.686,1777892217.78,1777892217.78,1777892217.78,1777892218.356,1777892221.103,-85.19,0.12,575.97,584.33,2784.33,79.01,False,False
1777892221.338,adaptive,adaptive,det,iphone,"Obstacle on your left, move right.",6,Man,1.062,left,directional,1777892221.268,1777892221.261,1777892221.31,1777892221.31,1777892221.31,1777892221.338,1777892221.738,-6.56,0.03,28.11,70.33,2270.33,96.9,False,False
1777892222.109,adaptive,adaptive,det,iphone,"Houseplant left, 2.7 meters.",4,Houseplant,2.696,left,info,1777892222.084,1777892222.072,1777892222.093,1777892222.093,1777892222.093,1777892222.109,1777892222.488,-11.67,0.02,15.76,25.13,2225.13,98.87,False,False
1777892222.489,adaptive,adaptive,det,iphone,"Obstacle on your left, move right.",6,Man,0.937,left,directional,1777892222.466,1777892222.388,1777892222.472,1777892222.472,1777892222.472,1777892222.489,1777892224.252,-77.72,0.03,17.04,22.8,2222.8,98.97,False,False
1777892225.792,adaptive,adaptive,guide,iphone,"Obstacle on your right, move left.",6,obstacle,1.5,right,directional,1777892225.774,1777892225.751,1777892225.784,1777892225.784,1777892225.784,1777892225.792,1777892228.432,-22.49,0.03,8.01,18.37,2218.37,99.17,False,False
1777892228.432,adaptive,adaptive,det,iphone,"Person ahead, 4.3 meters.",4,Person,4.27,ahead,info,1777892226.974,1777892226.945,1777892226.981,1777892226.981,1777892226.981,1777892228.432,1777892228.977,-28.86,0.04,1451.33,1458.04,3658.04,60.14,False,False
1777892228.978,adaptive,adaptive,guide,iphone,Stop. Obstacle ahead.,3,obstacle,0.5,ahead,stop,1777892228.914,1777892228.833,1777892228.922,1777892228.922,1777892228.922,1777892228.978,1777892229.128,-81.61,0.02,55.58,63.41,2263.41,97.2,False,False
1777892230.471,adaptive,adaptive,auto,iphone,Stop. Obstacle ahead.,3,obstacle,0.5,ahead,stop,1777892230.469,1777892230.462,1777892230.471,1777892230.471,1777892230.471,,,-7.24,0.02,,,,,True,False
1777892232.058,adaptive,adaptive,guide,iphone,Stop. Obstacle ahead.,3,obstacle,0.5,ahead,stop,1777892232.037,1777892231.877,1777892232.039,1777892232.039,1777892232.039,1777892232.058,1777892233.522,-160.13,0.01,19.45,21.46,2221.46,99.03,False,False
1777892233.711,adaptive,adaptive,auto,iphone,Stop. Obstacle ahead.,3,obstacle,0.5,ahead,stop,1777892233.707,1777892233.456,1777892233.711,1777892233.711,1777892233.711,,,-250.28,0.04,,,,,True,False
1777892233.523,adaptive,adaptive,det,iphone,"Woman ahead, 2.6 meters.",4,Woman,2.591,ahead,info,1777892232.737,1777892232.516,1777892232.742,1777892232.742,1777892232.742,1777892233.523,1777892236.248,-221.03,0.03,780.36,785.48,2985.48,73.69,False,False
1777892236.249,adaptive,adaptive,det,iphone,"Obstacle ahead, move right.",4,Table,1.861,ahead,directional,1777892234.5,1777892234.466,1777892234.505,1777892234.505,1777892234.505,1777892236.249,1777892236.931,-33.06,0.02,1744.63,1749.78,3949.78,55.7,False,False
1777892240.558,adaptive,adaptive,det,iphone,Stop. Obstacle ahead.,3,Coffee cup,0.171,ahead,stop,1777892240.532,1777892240.49,1777892240.541,1777892240.541,1777892240.541,1777892240.558,1777892242.043,-42.32,0.02,17.41,26.22,2226.22,98.82,False,False
1777892242.044,adaptive,adaptive,guide,iphone,Path ahead is clear.,4,,,ahead,clear,1777892241.505,1777892241.51,1777892241.528,1777892241.528,1777892241.528,1777892242.044,1777892243.173,5.17,0.04,516.51,539.27,2739.27,80.31,False,False
1777892243.174,adaptive,adaptive,det,iphone,Stop. Obstacle ahead.,3,Computer keyboard,0.168,ahead,stop,1777892243.145,1777892243.128,1777892243.151,1777892243.151,1777892243.151,1777892243.174,1777892244.629,-17.37,0.06,22.71,29.09,2229.09,98.69,False,False
1777892244.653,adaptive,adaptive,auto,iphone,Stop. Obstacle ahead.,3,Computer keyboard,0.171,ahead,stop,1777892244.644,1777892244.516,1777892244.653,1777892244.653,1777892244.653,,,-127.92,0.04,,,,,True,False
1777892245.762,adaptive,adaptive,guide,iphone,Stop. Obstacle ahead.,3,obstacle,0.5,ahead,stop,1777892245.74,1777892245.566,1777892245.749,1777892245.749,1777892245.749,1777892245.762,1777892247.202,-174.56,0.03,13.44,21.96,2221.96,99.01,False,False
1777892247.266,adaptive,adaptive,auto,iphone,Stop. Obstacle ahead.,3,obstacle,0.5,ahead,stop,1777892247.262,1777892247.236,1777892247.265,1777892247.266,1777892247.266,,,-26.28,0.11,,,,,True,False
1777892247.6,adaptive,adaptive,auto,iphone,Stop. Obstacle ahead.,3,Computer keyboard,0.171,ahead,stop,1777892247.593,1777892247.443,1777892247.6,1777892247.6,1777892247.6,,,-150.59,0.02,,,,,True,False
1777892248.886,adaptive,adaptive,guide,iphone,Stop. Obstacle ahead.,3,obstacle,0.5,ahead,stop,1777892248.865,1777892248.596,1777892248.873,1777892248.873,1777892248.873,1777892248.886,1777892250.407,-268.35,0.01,13.09,21.48,2221.48,99.03,False,False
1777892250.425,adaptive,adaptive,auto,iphone,Stop. Obstacle ahead.,3,obstacle,0.5,ahead,stop,1777892250.423,1777892250.374,1777892250.425,1777892250.425,1777892250.425,,,-48.52,0.02,,,,,True,False
1777892262.462,adaptive,adaptive,guide,iphone,Stop. Obstacle ahead.,3,obstacle,0.5,ahead,stop,1777892262.437,1777892262.279,1777892262.445,1777892262.445,1777892262.445,1777892262.462,1777892263.906,-158.03,0.03,17.24,25.63,2225.63,98.85,False,False
1777892263.948,adaptive,adaptive,auto,iphone,Stop. Obstacle ahead.,3,obstacle,0.5,ahead,stop,1777892263.939,1777892263.852,1777892263.948,1777892263.948,1777892263.948,,,-86.58,0.03,,,,,True,False
1777892265.512,adaptive,adaptive,guide,iphone,Stop. Obstacle ahead.,3,obstacle,0.5,ahead,stop,1777892265.47,1777892265.435,1777892265.478,1777892265.478,1777892265.478,1777892265.512,1777892266.99,-35.23,0.03,33.51,42.01,2242.01,98.13,False,False
1777892267.004,adaptive,adaptive,auto,iphone,Stop. Obstacle ahead.,3,obstacle,0.5,ahead,stop,1777892266.994,1777892266.847,1777892267.004,1777892267.004,1777892267.004,,,-147.33,0.03,,,,,True,False
1777892279.045,adaptive,adaptive,guide,iphone,Stop. Obstacle ahead.,3,obstacle,0.5,ahead,stop,1777892279.011,1777892278.851,1777892279.02,1777892279.02,1777892279.02,1777892279.045,1777892280.485,-160.52,0.04,24.55,33.2,2233.2,98.51,False,False
1777892280.543,adaptive,adaptive,auto,iphone,Stop. Obstacle ahead.,3,obstacle,0.5,ahead,stop,1777892280.536,1777892280.515,1777892280.543,1777892280.543,1777892280.543,,,-20.49,0.02,,,,,True,False
1777892282.09,adaptive,adaptive,guide,iphone,Stop. Obstacle ahead.,3,obstacle,0.5,ahead,stop,1777892282.069,1777892281.97,1777892282.078,1777892282.078,1777892282.078,1777892282.09,1777892283.585,-99.42,0.03,12.74,20.96,2220.96,99.06,False,False
1777892283.586,adaptive,adaptive,auto,iphone,Stop. Obstacle ahead.,3,obstacle,0.5,ahead,stop,1777892283.578,1777892283.561,1777892283.586,1777892283.586,1777892283.586,,,-17.17,0.02,,,,,True,False
1777892285.96,adaptive,adaptive,det,iphone,"Woman ahead, 2.3 meters.",4,Woman,2.284,ahead,info,1777892285.938,1777892285.888,1777892285.948,1777892285.948,1777892285.948,1777892285.96,1777892288.558,-50.01,0.05,12.37,22.52,2222.52,98.99,False,False
1777892295.596,adaptive,adaptive,guide,iphone,Stop. Obstacle ahead.,3,obstacle,0.5,ahead,stop,1777892295.581,1777892295.588,1777892295.59,1777892295.59,1777892295.59,1777892295.596,1777892296.291,6.73,0.05,6.48,15.41,2215.41,99.3,False,False
1777892297.092,adaptive,adaptive,auto,iphone,Stop. Obstacle ahead.,3,obstacle,0.5,ahead,stop,1777892297.086,1777892297.06,1777892297.092,1777892297.092,1777892297.092,,,-25.81,0.05,,,,,True,False
1777892296.293,adaptive,adaptive,det,iphone,"Woman ahead, 4.9 meters.",4,Woman,4.859,ahead,info,1777892296.178,1777892296.085,1777892296.293,1777892296.293,1777892296.293,1777892296.293,1777892298.676,-92.83,0.02,0.68,115.19,2315.19,95.02,False,False
1777892298.677,adaptive,adaptive,guide,iphone,Stop. Obstacle ahead.,3,obstacle,0.5,ahead,stop,1777892298.635,1777892298.494,1777892298.643,1777892298.643,1777892298.643,1777892298.677,1777892300.139,-140.16,0.03,33.94,42.18,2242.18,98.12,False,False
1777892300.162,adaptive,adaptive,auto,iphone,Stop. Obstacle ahead.,3,obstacle,0.5,ahead,stop,1777892300.156,1777892300.133,1777892300.162,1777892300.162,1777892300.162,,,-22.5,0.03,,,,,True,False
1777892304.651,adaptive,adaptive,det,iphone,"Table left, 3.9 meters.",4,Table,3.865,left,info,1777892302.733,1777892302.619,1777892302.741,1777892302.742,1777892302.742,1777892304.651,1777892305.429,-114.01,0.05,1909.11,1917.51,4117.51,53.43,False,False
1777892307.128,adaptive,adaptive,det,iphone,"Table ahead, 3.2 meters.",4,Table,3.183,ahead,info,1777892307.108,1777892307.054,1777892307.116,1777892307.116,1777892307.116,1777892307.128,1777892309.814,-54.02,0.02,11.85,19.82,2219.82,99.11,False,False
1777892309.815,adaptive,adaptive,det,iphone,"Table ahead, 2.6 meters.",4,Table,2.617,ahead,info,1777892308.975,1777892308.823,1777892308.984,1777892308.984,1777892308.984,1777892309.815,1777892310.41,-152.8,0.03,830.61,839.74,3039.74,72.37,False,False
1777892310.78,adaptive,adaptive,det,iphone,"Houseplant left, 2.2 meters.",4,Houseplant,2.166,left,info,1777892310.767,1777892310.755,1777892310.775,1777892310.775,1777892310.775,1777892310.78,1777892312.194,-12.09,0.02,5.66,13.14,2213.14,99.41,False,False
1777892312.194,adaptive,adaptive,guide,iphone,Stop. Obstacle ahead.,3,obstacle,0.5,ahead,stop,1777892312.173,1777892312.1,1777892312.181,1777892312.181,1777892312.181,1777892312.194,1777892313.646,-73.15,0.06,13.29,21.38,2221.38,99.04,False,False
1777892313.734,adaptive,adaptive,auto,iphone,Stop. Obstacle ahead.,3,obstacle,0.5,ahead,stop,1777892313.709,1777892313.687,1777892313.734,1777892313.734,1777892313.734,,,-21.22,0.02,,,,,True,False
1777892313.742,adaptive,adaptive,guide,iphone,"Obstacle on your right, move left.",6,obstacle,1.5,right,directional,1777892313.709,1777892313.687,1777892313.728,1777892313.728,1777892313.728,1777892313.742,1777892315.312,-21.22,0.02,13.9,32.9,2232.9,98.53,False,False
1777892315.312,adaptive,adaptive,guide,iphone,Stop. Obstacle ahead.,3,obstacle,0.5,ahead,stop,1777892315.266,1777892315.217,1777892315.267,1777892315.267,1777892315.267,1777892315.312,1777892316.125,-48.82,0.01,45.05,45.79,2245.79,97.96,False,False
1777892316.847,adaptive,adaptive,auto,iphone,Stop. Obstacle ahead.,3,obstacle,0.5,ahead,stop,1777892316.845,1777892316.843,1777892316.847,1777892316.847,1777892316.847,,,-1.94,0.02,,,,,True,False
1777892317.621,adaptive,adaptive,det,iphone,"Person left, 4.7 meters.",4,Person,4.699,left,info,1777892317.591,1777892317.592,1777892317.601,1777892317.601,1777892317.601,1777892317.621,1777892320.672,0.63,0.03,19.57,29.26,2229.26,98.69,False,False
1777892320.673,adaptive,adaptive,det,iphone,"Houseplant left, 4.3 meters.",4,Houseplant,4.303,left,info,1777892318.777,1777892318.614,1777892318.779,1777892318.779,1777892318.779,1777892320.673,1777892321.285,-163.7,0.04,1893.14,1895.29,4095.29,53.72,False,False
1777892327.932,adaptive,adaptive,det,iphone,"Chair left, 3.1 meters.",4,Chair,3.052,left,info,1777892327.915,1777892327.879,1777892327.923,1777892327.923,1777892327.923,1777892327.932,1777892328.958,-36.29,0.03,8.24,16.79,2216.79,99.24,False,False
1777892328.959,adaptive,adaptive,guide,iphone,Stop. Obstacle ahead.,3,obstacle,0.5,ahead,stop,1777892328.909,1777892328.73,1777892328.91,1777892328.91,1777892328.91,1777892328.959,1777892330.392,-178.66,0.03,48.99,49.74,2249.74,97.79,False,False
1777892330.484,adaptive,adaptive,auto,iphone,Stop. Obstacle ahead.,3,obstacle,0.5,ahead,stop,1777892330.474,1777892330.289,1777892330.484,1777892330.484,1777892330.484,,,-185.26,0.03,,,,,True,False
1777892332.08,adaptive,adaptive,guide,iphone,Stop. Obstacle ahead.,3,obstacle,0.5,ahead,stop,1777892332.048,1777892332.046,1777892332.054,1777892332.054,1777892332.054,1777892332.08,1777892333.527,-2.0,0.04,26.14,31.98,2231.98,98.57,False,False
1777892333.629,adaptive,adaptive,auto,iphone,Stop. Obstacle ahead.,3,obstacle,0.5,ahead,stop,1777892333.627,1777892333.601,1777892333.629,1777892333.629,1777892333.629,,,-25.63,0.03,,,,,True,False
1777892341.729,adaptive,adaptive,guide,iphone,"Obstacle on your right, move left.",6,obstacle,1.5,right,directional,1777892341.709,1777892341.668,1777892341.712,1777892341.712,1777892341.712,1777892341.729,1777892344.409,-41.24,0.03,16.87,19.71,2219.71,99.11,False,False
1777892344.417,adaptive,adaptive,det,iphone,"Houseplant left, 2.1 meters.",4,Houseplant,2.088,left,info,1777892342.506,1777892342.494,1777892342.509,1777892342.509,1777892342.509,1777892344.417,1777892344.953,-12.73,0.04,1907.72,1910.54,4110.54,53.52,False,False
1777892345.663,adaptive,adaptive,guide,iphone,Stop. Obstacle ahead.,3,obstacle,0.5,ahead,stop,1777892345.643,1777892345.597,1777892345.648,1777892345.648,1777892345.648,1777892345.663,1777892347.075,-46.56,0.03,15.23,20.25,2220.25,99.09,False,False
1777892347.227,adaptive,adaptive,auto,iphone,Stop. Obstacle ahead.,3,obstacle,0.5,ahead,stop,1777892347.221,1777892346.957,1777892347.227,1777892347.227,1777892347.227,,,-263.79,0.03,,,,,True,False
1777892927.234,adaptive,adaptive,guide,iphone,Stop. Obstacle ahead.,3,obstacle,0.5,ahead,stop,1777892927.214,,1777892927.218,1777892927.218,1777892927.218,1777892927.234,1777892928.745,,0.07,15.9,20.12,2220.12,99.09,False,False
1777892934.134,adaptive,adaptive,det,iphone,"Obstacle on your left, move right.",6,Person,0.985,left,directional,1777892934.124,1777892934.094,1777892934.133,1777892934.133,1777892934.133,1777892934.134,1777892935.872,-29.77,0.02,0.86,10.3,2210.3,99.53,False,False
1777892939.271,adaptive,adaptive,guide,iphone,Stop. Obstacle ahead.,3,obstacle,0.5,ahead,stop,1777892939.253,1777892939.256,1777892939.263,1777892939.263,1777892939.263,1777892939.271,1777892940.646,3.07,0.03,8.41,18.3,2218.3,99.18,False,False
1777892940.993,adaptive,adaptive,auto,iphone,Stop. Obstacle ahead.,3,Person,0.793,left,stop,1777892940.982,1777892940.915,1777892940.993,1777892940.993,1777892940.993,,,-66.57,0.03,,,,,True,False
1777892940.646,adaptive,adaptive,guide,iphone,"Obstacle on your left, move right.",6,obstacle,1.5,left,directional,1777892940.284,1777892940.266,1777892940.296,1777892940.296,1777892940.296,1777892940.646,1777892942.284,-18.41,0.03,350.34,361.82,2561.82,85.88,False,False
1777892942.715,adaptive,adaptive,guide,iphone,"Obstacle on your right, move left.",6,obstacle,1.5,right,directional,1777892942.676,1777892942.601,1777892942.687,1777892942.687,1777892942.687,1777892942.715,1777892944.111,-75.51,0.02,28.21,38.5,2238.5,98.28,False,False
1777892944.111,adaptive,adaptive,det,iphone,Stop. Obstacle ahead.,3,Chair,0.627,left,stop,1777892944.045,1777892944.007,1777892944.055,1777892944.055,1777892944.055,1777892944.111,1777892945.468,-38.15,0.02,56.58,66.46,2266.46,97.07,False,False
1777892945.571,adaptive,adaptive,auto,iphone,Stop. Obstacle ahead.,3,Chair,0.659,left,stop,1777892945.56,1777892945.531,1777892945.571,1777892945.571,1777892945.571,,,-29.12,0.02,,,,,True,False
1777892951.281,adaptive,adaptive,guide,iphone,Stop. Obstacle ahead.,3,obstacle,0.5,ahead,stop,1777892951.256,1777892951.018,1777892951.263,1777892951.263,1777892951.263,1777892951.281,1777892952.267,-237.56,0.03,17.62,25.18,2225.18,98.87,False,False
1777892962.05,adaptive,adaptive,det,iphone,"Obstacle ahead, move right.",4,Woman,1.184,ahead,directional,1777892962.023,1777892961.978,1777892962.03,1777892962.031,1777892962.031,1777892962.05,1777892963.282,-45.29,0.06,19.31,26.94,2226.94,98.79,False,False
1777892963.282,adaptive,adaptive,guide,iphone,Stop. Obstacle ahead.,3,obstacle,0.5,ahead,stop,1777892963.256,1777892963.118,1777892963.263,1777892963.263,1777892963.263,1777892963.282,1777892963.448,-137.09,0.03,18.75,26.62,2226.62,98.8,False,False
1777892967.572,adaptive,adaptive,det,iphone,"Person left, 2.1 meters.",4,Person,2.069,left,info,1777892967.552,1777892967.539,1777892967.562,1777892967.562,1777892967.562,1777892967.572,1777892969.649,-13.53,0.02,9.96,19.56,2219.56,99.12,False,False
1777892974.999,adaptive,adaptive,auto,iphone,"Obstacle ahead, move right.",4,Person,1.116,ahead,directional,1777892974.991,1777892974.976,1777892974.999,1777892974.999,1777892974.999,,,-14.81,0.01,,,,,True,False
1777892975.33,adaptive,adaptive,guide,iphone,Stop. Obstacle ahead.,3,obstacle,0.5,ahead,stop,1777892975.277,1777892975.265,1777892975.284,1777892975.284,1777892975.284,1777892975.33,1777892976.652,-11.66,0.03,45.64,52.59,2252.59,97.67,False,False
1777892987.328,adaptive,adaptive,guide,iphone,Stop. Obstacle ahead.,3,obstacle,0.5,ahead,stop,1777892987.279,1777892987.25,1777892987.291,1777892987.291,1777892987.291,1777892987.328,1777892988.78,-28.95,0.11,36.88,48.86,2248.86,97.83,False,False
1777892995.375,adaptive,adaptive,det,iphone,"Person left, 2.5 meters.",4,Person,2.511,left,info,1777892995.355,1777892995.315,1777892995.363,1777892995.363,1777892995.363,1777892995.375,1777892996.643,-39.6,0.05,12.76,20.63,2220.63,99.07,False,False
1777892999.342,adaptive,adaptive,guide,iphone,Stop. Obstacle ahead.,3,obstacle,0.5,ahead,stop,1777892999.329,1777892999.332,1777892999.334,1777892999.335,1777892999.335,1777892999.342,1777893000.431,2.95,0.03,7.74,12.8,2212.8,99.42,False,False
1777893001.893,adaptive,adaptive,det,iphone,"Obstacle ahead, move right.",4,Chair,0.85,ahead,directional,1777893001.88,1777893001.821,1777893001.887,1777893001.887,1777893001.887,1777893001.893,1777893003.497,-59.43,0.02,5.71,12.64,2212.64,99.43,False,False
1777893004.932,adaptive,adaptive,auto,iphone,Stop. Obstacle ahead.,3,Clothing,0.676,ahead,stop,1777893004.925,1777893004.855,1777893004.932,1777893004.932,1777893004.932,,,-70.0,0.05,,,,,True,False
1777893003.498,adaptive,adaptive,det,iphone,Stop. Obstacle ahead.,3,Clothing,0.676,ahead,stop,1777893003.386,1777893003.287,1777893003.393,1777893003.393,1777893003.393,1777893003.498,1777893004.941,-98.43,0.05,104.92,112.16,2312.16,95.15,False,False
1777893006.467,adaptive,adaptive,det,iphone,Stop. Obstacle ahead.,3,Clothing,0.676,ahead,stop,1777893006.443,1777893006.27,1777893006.446,1777893006.446,1777893006.446,1777893006.467,1777893007.958,-172.88,0.04,21.14,23.92,2223.92,98.92,False,False
1777893010.064,adaptive,adaptive,det,iphone,"Person left, 2.0 meters.",4,Person,2.0,left,info,1777893010.051,1777893009.892,1777893010.057,1777893010.057,1777893010.057,1777893010.064,1777893011.131,-158.68,0.03,7.16,13.02,2213.02,99.41,False,False
1777893011.376,adaptive,adaptive,guide,iphone,Stop. Obstacle ahead.,3,obstacle,0.5,ahead,stop,1777893011.356,1777893011.218,1777893011.361,1777893011.361,1777893011.361,1777893011.376,1777893012.852,-137.59,0.03,15.52,20.52,2220.52,99.08,False,False
1777893014.457,adaptive,adaptive,auto,iphone,"Obstacle ahead, move right.",4,Person,1.091,ahead,directional,1777893014.449,1777893014.292,1777893014.457,1777893014.457,1777893014.457,,,-157.29,0.03,,,,,True,False
1777893013.763,adaptive,adaptive,det,iphone,"Obstacle ahead, move right.",4,Man,1.084,ahead,directional,1777893013.748,1777893013.699,1777893013.756,1777893013.756,1777893013.756,1777893013.763,1777893015.242,-49.34,0.03,7.19,15.03,2215.03,99.32,False,False
1777893023.374,adaptive,adaptive,guide,iphone,Stop. Obstacle ahead.,3,obstacle,0.5,ahead,stop,1777893023.353,1777893023.357,1777893023.364,1777893023.364,1777893023.364,1777893023.374,1777893024.888,3.72,0.05,10.7,20.93,2220.93,99.06,False,False
1777893035.361,adaptive,adaptive,det,iphone,"Person left, 4.7 meters.",4,Person,4.661,left,info,1777893035.348,1777893035.287,1777893035.355,1777893035.355,1777893035.355,1777893035.361,1777893035.484,-60.82,0.04,5.99,13.42,2213.42,99.39,False,False
1777893035.485,adaptive,adaptive,guide,iphone,Stop. Obstacle ahead.,3,obstacle,0.5,ahead,stop,1777893035.454,1777893035.287,1777893035.464,1777893035.464,1777893035.464,1777893035.485,1777893036.901,-166.83,0.03,21.2,30.99,2230.99,98.61,False,False
1777893038.674,adaptive,adaptive,det,iphone,"Obstacle ahead, move right.",4,Chair,1.023,ahead,directional,1777893038.659,1777893038.641,1777893038.667,1777893038.667,1777893038.667,1777893038.674,1777893039.587,-17.5,0.02,7.18,15.39,2215.39,99.31,False,False
1777893039.588,adaptive,adaptive,det,iphone,"Obstacle ahead, move right.",4,Chair,0.999,ahead,directional,1777893039.554,1777893039.384,1777893039.56,1777893039.56,1777893039.56,1777893039.588,1777893040.457,-170.36,0.05,27.68,33.67,2233.67,98.49,False,False
1777893043.381,adaptive,adaptive,det,iphone,"Person left, 4.8 meters.",4,Person,4.814,left,info,1777893043.357,1777893043.362,1777893043.365,1777893043.365,1777893043.365,1777893043.381,1777893043.842,5.44,0.02,16.59,24.3,2224.3,98.91,False,False
1777893045.619,adaptive,adaptive,det,iphone,"Obstacle ahead, move right.",4,Person,1.002,ahead,directional,1777893045.606,1777893045.389,1777893045.614,1777893045.614,1777893045.614,1777893045.619,1777893047.499,-217.61,0.02,5.69,13.14,2213.14,99.41,False,False
1777893047.5,adaptive,adaptive,guide,iphone,Stop. Obstacle ahead.,3,obstacle,0.5,ahead,stop,1777893047.48,1777893047.359,1777893047.49,1777893047.49,1777893047.49,1777893047.5,1777893048.901,-121.37,0.05,9.99,19.56,2219.56,99.12,False,False
1777896345.596,adaptive,adaptive,guide,iphone,Stop. Obstacle ahead.,3,obstacle,0.5,ahead,stop,1777896345.589,,1777896345.592,1777896345.593,1777896345.593,1777896345.596,1777896347.172,,0.02,3.87,7.31,2207.31,99.67,False,False
1777896354.252,adaptive,adaptive,guide,iphone,"Obstacle on your left, move right.",6,obstacle,1.5,left,directional,1777896354.235,1777896354.232,1777896354.25,1777896354.25,1777896354.25,1777896354.252,1777896356.297,-2.32,0.05,2.73,17.75,2217.75,99.2,False,False
1777896357.633,adaptive,adaptive,guide,iphone,Stop. Obstacle ahead.,3,obstacle,0.5,ahead,stop,1777896357.605,1777896357.618,1777896357.62,1777896357.62,1777896357.62,1777896357.633,1777896359.032,12.95,0.05,13.54,28.5,2228.5,98.72,False,False
1777896360.095,adaptive,adaptive,guide,iphone,"Obstacle on your right, move left.",6,obstacle,1.5,right,directional,1777896360.068,1777896360.074,1777896360.085,1777896360.085,1777896360.085,1777896360.095,1777896361.67,5.53,0.02,10.68,27.47,2227.47,98.77,False,False
1777896364.111,adaptive,adaptive,guide,iphone,"Obstacle on your right, move left.",6,obstacle,1.5,right,directional,1777896364.067,1777896364.087,1777896364.093,1777896364.093,1777896364.093,1777896364.111,1777896366.705,19.72,0.06,17.57,43.94,2243.94,98.04,False,False
1777896368.153,adaptive,adaptive,guide,iphone,"Obstacle on your right, move left.",6,obstacle,1.5,right,directional,1777896368.104,1777896368.113,1777896368.121,1777896368.121,1777896368.121,1777896368.153,1777896369.671,8.77,0.03,32.16,48.57,2248.57,97.84,False,False
1777896369.671,adaptive,adaptive,guide,iphone,Stop. Obstacle ahead.,3,obstacle,0.5,ahead,stop,1777896369.631,1777896369.564,1777896369.639,1777896369.639,1777896369.639,1777896369.671,1777896370.232,-67.29,0.03,31.77,39.89,2239.89,98.22,False,False
1777896372.474,adaptive,adaptive,det,iphone,"Man left, 2.0 meters.",4,Man,2.031,left,info,1777896372.447,1777896372.361,1777896372.456,1777896372.456,1777896372.456,1777896372.474,1777896373.997,-86.66,0.03,18.46,26.7,2226.7,98.8,False,False
1777896378.537,adaptive,adaptive,auto,iphone,"Obstacle ahead, move right.",4,Man,0.985,ahead,directional,1777896378.53,1777896378.311,1777896378.537,1777896378.537,1777896378.537,,,-219.06,0.01,,,,,True,False
1777896378.538,adaptive,adaptive,det,iphone,"Obstacle ahead, move right.",4,Man,1.002,ahead,directional,1777896378.504,1777896378.311,1777896378.513,1777896378.513,1777896378.513,1777896378.538,1777896380.779,-193.06,0.04,24.27,33.41,2233.41,98.5,False,False
1777896381.673,adaptive,adaptive,guide,iphone,Stop. Obstacle ahead.,3,obstacle,0.5,ahead,stop,1777896381.636,1777896381.598,1777896381.646,1777896381.646,1777896381.646,1777896381.673,1777896383.086,-38.05,0.03,26.65,37.31,2237.31,98.33,False,False
1777896393.658,adaptive,adaptive,guide,iphone,Stop. Obstacle ahead.,3,obstacle,0.5,ahead,stop,1777896393.638,1777896393.491,1777896393.647,1777896393.647,1777896393.647,1777896393.658,1777896395.073,-146.77,0.04,10.3,19.85,2219.85,99.11,False,False
1777896396.661,adaptive,adaptive,det,iphone,Stop. Obstacle ahead.,3,Computer keyboard,0.05,ahead,stop,1777896396.628,1777896396.633,1777896396.636,1777896396.636,1777896396.636,1777896396.661,1777896398.098,4.52,0.03,25.06,32.28,2232.28,98.55,False,False
1777896398.174,adaptive,adaptive,auto,iphone,Stop. Obstacle ahead.,3,Computer keyboard,0.05,ahead,stop,1777896398.173,1777896397.976,1777896398.174,1777896398.174,1777896398.174,,,-197.13,0.03,,,,,True,False
1777896399.767,adaptive,adaptive,det,iphone,Stop. Obstacle ahead.,3,Mobile phone,0.05,ahead,stop,1777896399.746,1777896399.547,1777896399.748,1777896399.748,1777896399.749,1777896399.767,1777896400.014,-198.75,0.02,18.02,20.85,2220.85,99.06,False,False
1777896401.267,adaptive,adaptive,auto,iphone,Stop. Obstacle ahead.,3,Mobile phone,0.05,ahead,stop,1777896401.261,1777896401.25,1777896401.267,1777896401.267,1777896401.267,,,-10.88,0.03,,,,,True,False
1777896405.691,adaptive,adaptive,guide,iphone,Stop. Obstacle ahead.,3,obstacle,0.5,ahead,stop,1777896405.669,1777896405.663,1777896405.678,1777896405.678,1777896405.678,1777896405.691,1777896407.151,-6.49,0.02,12.63,21.83,2221.83,99.02,False,False
1777896412.885,adaptive,adaptive,det,iphone,"Person left, 3.5 meters.",4,Person,3.475,left,info,1777896412.864,1777896412.778,1777896412.875,1777896412.875,1777896412.875,1777896412.885,1777896415.886,-86.54,0.04,9.88,20.71,2220.71,99.07,False,False
1777896417.687,adaptive,adaptive,guide,iphone,Stop. Obstacle ahead.,3,obstacle,0.5,ahead,stop,1777896417.671,1777896417.665,1777896417.681,1777896417.681,1777896417.681,1777896417.687,1777896419.128,-6.65,0.05,6.11,15.9,2215.9,99.28,False,False
1777896427.492,adaptive,adaptive,det,iphone,"Person ahead, 3.9 meters.",4,Person,3.858,ahead,info,1777896427.475,1777896427.317,1777896427.476,1777896427.477,1777896427.477,1777896427.492,1777896429.718,-158.41,0.04,15.46,16.87,2216.87,99.24,False,False
1777896429.719,adaptive,adaptive,guide,iphone,Stop. Obstacle ahead.,3,obstacle,0.5,ahead,stop,1777896429.677,1777896429.533,1777896429.683,1777896429.683,1777896429.683,1777896429.719,1777896430.507,-144.03,0.03,35.8,42.31,2242.31,98.11,False,False
1777896437.254,adaptive,adaptive,guide,iphone,"Obstacle on your left, move right.",6,obstacle,1.5,left,directional,1777896437.209,1777896437.22,1777896437.23,1777896437.23,1777896437.23,1777896437.254,1777896439.887,10.98,0.05,23.97,45.68,2245.68,97.97,False,False
1777896441.725,adaptive,adaptive,auto,iphone,Stop. Obstacle ahead.,3,obstacle,0.5,ahead,stop,1777896441.723,1777896441.722,1777896441.725,1777896441.725,1777896441.725,,,-1.3,0.04,,,,,True,False
1777896441.434,adaptive,adaptive,det,iphone,Stop. Obstacle ahead.,3,Laptop,0.607,left,stop,1777896441.418,1777896441.396,1777896441.426,1777896441.426,1777896441.426,1777896441.434,1777896442.678,-21.9,0.02,8.21,15.98,2215.98,99.28,False,False
1777896444.381,adaptive,adaptive,det,iphone,"Person ahead, 4.0 meters.",4,Person,3.99,ahead,info,1777896444.341,1777896444.346,1777896444.351,1777896444.351,1777896444.351,1777896444.381,1777896447.325,5.08,0.04,30.42,40.11,2240.11,98.21,False,False
1777896447.326,adaptive,adaptive,det,iphone,"Table left, 4.4 meters.",4,Table,4.439,left,info,1777896445.176,1777896445.013,1777896445.184,1777896445.184,1777896445.184,1777896447.326,1777896447.899,-162.99,0.04,2141.63,2149.57,4349.57,50.58,False,False
1777896452.447,adaptive,adaptive,guide,iphone,"Obstacle on your right, move left.",6,obstacle,1.5,right,directional,1777896452.415,1777896452.395,1777896452.432,1777896452.432,1777896452.432,1777896452.447,1777896453.833,-19.82,0.05,14.97,32.27,2232.27,98.55,False,False
1777896453.834,adaptive,adaptive,guide,iphone,Stop. Obstacle ahead.,3,obstacle,0.5,ahead,stop,1777896453.779,1777896453.703,1777896453.788,1777896453.788,1777896453.788,1777896453.834,1777896454.816,-75.98,0.03,45.9,55.02,2255.02,97.56,False,False
1777896455.603,adaptive,adaptive,det,iphone,"Man ahead, 4.3 meters.",4,Man,4.34,ahead,info,1777896455.582,1777896455.543,1777896455.588,1777896455.588,1777896455.588,1777896455.603,1777896458.23,-38.7,0.03,15.48,21.19,2221.19,99.05,False,False
1777896458.231,adaptive,adaptive,det,iphone,Stop. Obstacle ahead.,3,Computer keyboard,0.628,ahead,stop,1777896458.178,1777896458.016,1777896458.184,1777896458.184,1777896458.184,1777896458.231,1777896458.781,-161.27,0.02,46.44,53.18,2253.18,97.64,False,False
1777896459.833,adaptive,adaptive,det,iphone,"Obstacle ahead, move left.",4,Computer keyboard,1.06,ahead,directional,1777896459.785,1777896459.784,1777896459.819,1777896459.819,1777896459.819,1777896459.833,1777896462.108,-0.75,0.04,13.45,47.85,2247.85,97.87,False,False
1777896465.859,adaptive,adaptive,guide,iphone,Stop. Obstacle ahead.,3,obstacle,0.5,ahead,stop,1777896465.833,1777896465.829,1777896465.842,1777896465.843,1777896465.843,1777896465.859,1777896467.275,-3.74,0.03,16.31,25.63,2225.63,98.85,False,False
1777896467.276,adaptive,adaptive,det,iphone,"Person left, 2.6 meters.",4,Person,2.556,left,info,1777896467.151,1777896466.87,1777896467.156,1777896467.156,1777896467.156,1777896467.276,1777896470.186,-280.75,0.03,119.6,124.9,2324.9,94.63,False,False
1777896472.238,adaptive,adaptive,det,iphone,"Person left, 2.0 meters.",4,Person,2.023,left,info,1777896472.212,1777896472.129,1777896472.219,1777896472.219,1777896472.219,1777896472.238,1777896475.15,-83.17,0.03,18.91,26.13,2226.13,98.83,False,False
1777896475.15,adaptive,adaptive,det,iphone,"Clothing ahead, 3.3 meters.",4,Clothing,3.341,ahead,info,1777896472.913,1777896472.816,1777896472.922,1777896472.922,1777896472.922,1777896475.15,1777896475.737,-97.07,0.03,2228.18,2237.07,4437.07,49.58,False,False
1777896477.644,adaptive,adaptive,det,iphone,"Woman left, 4.4 meters.",4,Woman,4.43,left,info,1777896477.625,1777896477.603,1777896477.63,1777896477.63,1777896477.63,1777896477.644,1777896477.955,-21.12,0.03,13.63,19.46,2219.46,99.12,False,False
1777896477.956,adaptive,adaptive,guide,iphone,Stop. Obstacle ahead.,3,obstacle,0.5,ahead,stop,1777896477.899,1777896477.85,1777896477.91,1777896477.911,1777896477.911,1777896477.956,1777896479.413,-49.0,0.05,45.78,57.5,2257.5,97.45,False,False
1777896489.968,adaptive,adaptive,guide,iphone,Stop. Obstacle ahead.,3,obstacle,0.5,ahead,stop,1777896489.951,1777896489.943,1777896489.957,1777896489.957,1777896489.957,1777896489.968,1777896491.386,-8.37,0.04,11.04,16.88,2216.88,99.24,False,False
1777896491.923,adaptive,adaptive,det,iphone,"Person left, 2.2 meters.",4,Person,2.212,left,info,1777896491.914,1777896491.889,1777896491.923,1777896491.923,1777896491.923,1777896491.923,1777896492.221,-24.62,0.03,0.54,9.6,2209.6,99.57,False,False
1777896501.986,adaptive,adaptive,guide,iphone,Stop. Obstacle ahead.,3,obstacle,0.5,ahead,stop,1777896501.975,1777896501.926,1777896501.981,1777896501.981,1777896501.981,1777896501.986,1777896503.445,-49.37,0.09,5.55,11.28,2211.28,99.49,False,False
1777896505.175,adaptive,adaptive,det,iphone,Stop. Obstacle ahead.,3,Computer keyboard,0.094,ahead,stop,1777896505.145,1777896505.143,1777896505.153,1777896505.153,1777896505.153,1777896505.175,1777896506.628,-1.62,0.03,22.69,30.57,2230.57,98.63,False,False
1777896507.867,adaptive,adaptive,det,iphone,"Man left, 2.0 meters.",4,Man,2.002,left,info,1777896507.851,1777896507.836,1777896507.858,1777896507.858,1777896507.858,1777896507.867,1777896510.646,-15.36,0.03,8.79,16.19,2216.19,99.27,False,False
